{
    "algo": "glm",
    "model_id": "GLM_grid_1_AutoML_20190418_223521_model_1",
    "coef": {
        "Intercept": 187.7497616274371,
        "instant": 3.830157980454629e-06,
        "dteday": 1.0567942259816657e-12,
        "season": 0.011107220647304034,
        "yr": 0.03459605614640838,
        "mnth": 0.0024208624231475233,
        "hr": 0.0039382596157073934,
        "holiday": -0.012786966163968867,
        "weekday": 0.0009266990392880204,
        "workingday": 0.004499436977599155,
        "weathersit": -0.015388342513323041,
        "temp": 0.14514745620068195,
        "atemp": 0.16112939283715313,
        "hum": -0.11563901407972008,
        "windspeed": 0.052661474670814216,
        "casual": 0.000973309772174196,
        "registered": 0.00044383439921502225
    },
    "coef_norm": {
        "Intercept": 189.46308763450142,
        "instant": 0.01921601557612396,
        "dteday": 0.01918105321041657,
        "season": 0.01229478401335304,
        "yr": 0.01729829892887668,
        "mnth": 0.008324802907050085,
        "hr": 0.027230722353321583,
        "holiday": -0.0021375367329174587,
        "weekday": 0.0018587464814093864,
        "workingday": 0.00209417580298476,
        "weathersit": -0.00983864262313126,
        "temp": 0.02794903117526722,
        "atemp": 0.027690120904259284,
        "hum": -0.0223102157975995,
        "windspeed": 0.006442616848207629,
        "casual": 0.04798906789306445,
        "registered": 0.06717757005982769
    }
}
