{
    "algo": "glm",
    "model_id": "GLM_grid_1_AutoML_20190418_222156_model_1",
    "coef": {
        "Intercept": 160.47718942283691,
        "instant": 6.474284702373824e-05,
        "dteday": 1.7855175809704884e-11,
        "season": 0.1872952974143576,
        "yr": 0.5863173503468405,
        "mnth": 0.040487666512153915,
        "hr": 0.0673778314809092,
        "holiday": -0.21964810960924483,
        "weekday": 0.015846413716711298,
        "workingday": 0.07855922573841562,
        "weathersit": -0.261175544044237,
        "temp": 2.4652211967891584,
        "atemp": 2.7359437180939876,
        "hum": -1.9753912741380253,
        "windspeed": 0.9020651552516271,
        "casual": 0.01667244406481988,
        "registered": 0.007633581259388882
    },
    "coef_norm": {
        "Intercept": 189.46308763450142,
        "instant": 0.3248167734071099,
        "dteday": 0.3240754622491984,
        "season": 0.20732056214127484,
        "yr": 0.29316326550532257,
        "mnth": 0.13922800430841087,
        "hr": 0.46587762129947086,
        "holiday": -0.03671753695013408,
        "weekday": 0.031784284314705154,
        "workingday": 0.036563870204576514,
        "weathersit": -0.16698438038589186,
        "temp": 0.47469343167631783,
        "atemp": 0.47017251792065845,
        "hum": -0.3811119107287797,
        "windspeed": 0.11035885728103381,
        "casual": 0.8220353612423872,
        "registered": 1.1553981412142595
    }
}
