{
    "algo": "glm",
    "model_id": "GLM_grid_1_AutoML_20190418_213447_model_1",
    "coef": {
        "Intercept": 189.2079142693101,
        "instant": 5.707305278193135e-07,
        "dteday": 1.5739596584732191e-13,
        "season": 0.0016544403823183635,
        "yr": 0.005152484490083737,
        "mnth": 0.000360774601049389,
        "hr": 0.000586222295226541,
        "holiday": -0.0019030323292298795,
        "weekday": 0.00013794573421684647,
        "workingday": 0.0006692644786049854,
        "weathersit": -0.0022913137590464595,
        "temp": 0.02162124835087918,
        "atemp": 0.02399497385203923,
        "hum": -0.017215142993129682,
        "windspeed": 0.007838622552966894,
        "casual": 0.00014488900833818956,
        "registered": 6.606064502766572e-05
    },
    "coef_norm": {
        "Intercept": 189.46308763450142,
        "instant": 0.0028633718943999287,
        "dteday": 0.002856772228498879,
        "season": 0.0018313300698236071,
        "yr": 0.0025762825843119188,
        "mnth": 0.0012406229362265447,
        "hr": 0.004053378425072041,
        "holiday": -0.0003181209252841066,
        "weekday": 0.0002766876161844235,
        "workingday": 0.00031149619027214957,
        "weathersit": -0.001464967210939306,
        "temp": 0.004163303719022242,
        "atemp": 0.00412354143063775,
        "hum": -0.0033213146810338657,
        "windspeed": 0.0009589788748258004,
        "casual": 0.007143756958864425,
        "registered": 0.009998759937022064
    }
}
