{
    "algo": "glm",
    "model_id": "GLM_grid_1_AutoML_20190418_225633_model_1",
    "coef": {
        "Intercept": 79.43833011894745,
        "instant": 0.00024475635744038924,
        "dteday": 6.749343731907403e-11,
        "season": 0.703665859632755,
        "yr": 2.2370704707554587,
        "mnth": 0.14791977731096528,
        "hr": 0.264879681310696,
        "holiday": -0.8741447891569445,
        "weekday": 0.06217987976387893,
        "workingday": 0.328564773588707,
        "weathersit": -1.00096744286774,
        "temp": 9.45899188556844,
        "atemp": 10.497373288526788,
        "hum": -7.7248521014222895,
        "windspeed": 3.5548165775831437,
        "casual": 0.06580673868750987,
        "registered": 0.03052112040755856
    },
    "coef_norm": {
        "Intercept": 189.46308763450142,
        "instant": 1.227949865496572,
        "dteday": 1.2250210880633015,
        "season": 0.7789005041378204,
        "yr": 1.1185527496060623,
        "mnth": 0.5086629378002806,
        "hr": 1.8314854180867115,
        "holiday": -0.14612665527937854,
        "weekday": 0.1247186279748016,
        "workingday": 0.15292411072502307,
        "weathersit": -0.6399754190055773,
        "temp": 1.8213867884176522,
        "atemp": 1.8039758632381893,
        "hum": -1.4903544340879635,
        "windspeed": 0.4348970726358667,
        "casual": 3.2446032506605365,
        "registered": 4.619593947899217
    }
}
