{
    "algo": "glm",
    "model_id": "GLM_grid_1_AutoML_20190419_011529_model_1",
    "coef": {
        "Intercept": -28.9024709383948,
        "instant": 7.893290280699375e-05,
        "dteday": 2.1090705458180994e-11,
        "season": 0.6622390083830808,
        "yr": 1.4720625025624565,
        "mnth": -0.08848850614264787,
        "hr": 0.25445121769334494,
        "holiday": -0.42204010084117155,
        "weekday": 0.03745819439023113,
        "workingday": 1.6880335477332526,
        "weathersit": -0.239489670411643,
        "temp": 2.7092038106611542,
        "atemp": 4.69252713516861,
        "hum": -4.916196250005459,
        "windspeed": 1.4855252234572285,
        "casual": 1.003627490697193,
        "registered": 0.9589464264146543
    },
    "coef_norm": {
        "Intercept": 189.46308763450153,
        "instant": 0.3960087018728751,
        "dteday": 0.3828010540678439,
        "season": 0.733044371029339,
        "yr": 0.7360427761925474,
        "mnth": -0.3042921258693701,
        "hr": 1.7593787961151188,
        "holiday": -0.07055045010240235,
        "weekday": 0.07513257710538233,
        "workingday": 0.7856625235310555,
        "weathersit": -0.15311936792878328,
        "temp": 0.521673777455878,
        "atemp": 0.8064118000535004,
        "hum": -0.9484809267342789,
        "windspeed": 0.18173949538840303,
        "casual": 49.48388392610694,
        "registered": 145.1435284376927
    }
}
