,model_id,mean_residual_deviance,rmse,mse,mae,rmsle
0,XGBoost_1_AutoML_20190418_214850,19.21410106621536,4.383389221391977,19.21410106621536,2.6347511218427417,0.054887779739166816
1,GBM_1_AutoML_20190418_214850,25.332040397277737,5.0330945150352315,25.332040397277737,3.2271310490135066,
5,GLM_grid_1_AutoML_20190418_214850_model_1,38.38704879033597,6.195728269568959,38.38704879033597,4.4519685847254165,
8,DRF_1_AutoML_20190418_214850,46.67514781428679,6.8319212388819865,46.67514781428679,3.7142537677923926,0.08041092857555011
